{
    "../voice_and_co/example/The Skylark_excerpt": {
        "grade": "2",
        "statistics": {
            "IQR": 1.0,
            "kurtosis": -1.9655270655270656,
            "max": 1,
            "mean": 0.453781512605042,
            "med": 0.0,
            "min": 0,
            "skew": 0.18566888396533915,
            "stdev": 0.4978592686923908
        }
    }
}