{
    "../voice_and_co/example/The Skylark_excerpt": {
        "grade": "2",
        "statistics": {
            "IQR": 1.0,
            "kurtosis": -1.9666666666666666,
            "max": 1,
            "mean": 0.45454545454545453,
            "med": 0.0,
            "min": 0,
            "skew": 0.1825741858350553,
            "stdev": 0.49792959773196915
        }
    }
}