{
    "../voice_and_co/example/The Skylark_excerpt": {
        "grade": "2",
        "statistics": {
            "IQR": 0.0,
            "kurtosis": 2.6538461538461577,
            "max": 1,
            "mean": 0.8666666666666667,
            "med": 1.0,
            "min": 0,
            "skew": -2.1572774865200253,
            "stdev": 0.339934634239519
        }
    }
}