{
    "../voice_and_co/example/The Skylark_excerpt": {
        "grade": "2",
        "statistics": {
            "IQR": 1.0,
            "kurtosis": -1.4999999999999991,
            "max": 1,
            "mean": 0.3333333333333333,
            "med": 0.0,
            "min": 0,
            "skew": 0.7071067811865479,
            "stdev": 0.4714045207910317
        }
    }
}