{
    "../voice_and_co/example/The Skylark_excerpt": {
        "grade": "2",
        "statistics": {
            "IQR": 0.0,
            "kurtosis": 10.071428571428582,
            "max": 1,
            "mean": 0.9333333333333333,
            "med": 1.0,
            "min": 0,
            "skew": -3.4743961448615175,
            "stdev": 0.2494438257849294
        }
    }
}