{
    "../voice_and_co/example/The Skylark_excerpt": {
        "grade": "2",
        "statistics": {
            "mean": 0.6255419035784598,
            "stedev": 0.1659131044759735
        }
    }
}