{
    "../voice_and_co/example/The Skylark_excerpt": {
        "grade": "2",
        "statistics": {
            "mean": 0.5879858237001094,
            "stedev": 0.18733360149582404
        }
    }
}